models	g_density	avg_indeg	avg_transient_length	Z_max	Z_min	Z_avg	Z_mid	net_sen
myeloid	0.951171875	20.48	2.34240246406571	0.568181818181818	0.386363636363636	0.506155303030303	0.477272727272727	1.02272727272727
drug	0.8857421875	8.75213675213675	8.12761852260198	0.829326923076923	0.778846153846154	0.809294871794872	0.804086538461538	1.05769230769231
emt_senescent	0.9140625	11.6363636363636	2.63034188034188	0.5703125	0.296006944444444	0.471072048611111	0.433159722222222	1.09027777777778
gonadal	0.997846603393555	464.382639503986	4.61137436228756	0.538754111842105	0.293996710526316	0.458229533492672	0.41637541118421	1.05263157894737
corrales	0.9744873046875	39.1961722488038	4.13841914067393	0.735764723557692	0.539588341346154	0.658617821455875	0.637676532451923	1.125
t_cell	0.98828125	85.3333333333333	5.89377084362648	0.786184210526316	0.6875	0.748382675438597	0.736842105263158	1.02989130434783
